{"stats":{"minecraft:killed_by":{"mimic_dweller:mimic_dweller":1,"minecraft:player":1,"the_mangle:the_mangle":1},"minecraft:broken":{"minecraft:stone_pickaxe":1},"minecraft:dropped":{"minecraft:andesite":6,"minecraft:cobblestone":39},"minecraft:killed":{"minecraft:pig":2,"decayingmobsbackport:half_pig":1},"minecraft:used":{"minecraft:stone_pickaxe":131,"minecraft:bread":9,"minecraft:iron_pickaxe":247,"minecraft:wooden_pickaxe":8,"minecraft:stone_hoe":80,"minecraft:torch":3,"minecraft:dirt":4,"minecraft:cobblestone":47,"minecraft:crafting_table":3,"minecraft:furnace":1,"minecraft:acacia_sapling":3,"mineguns:modernaxe":20},"minecraft:crafted":{"minecraft:crafting_table":3,"minecraft:stick":12,"minecraft:iron_pickaxe":1,"minecraft:iron_ingot":3,"minecraft:stone_pickaxe":1,"minecraft:stone_sword":1,"minecraft:furnace":1,"minecraft:acacia_planks":40,"minecraft:stone_hoe":1,"minecraft:air":0,"minecraft:bread":192,"minecraft:wheat":576},"minecraft:mined":{"minecraft:hay_block":76,"minecraft:acacia_leaves":1,"minecraft:iron_ore":35,"minecraft:andesite":43,"minecraft:granite":3,"gravestone:gravestone":1,"minecraft:grass":12,"minecraft:acacia_log":10,"minecraft:coal_ore":31,"minecraft:dirt":5,"minecraft:stripped_acacia_wood":1,"minecraft:stone":268,"minecraft:diorite":6,"minecraft:wall_torch":2},"minecraft:picked_up":{"minecraft:raw_iron":35,"minecraft:andesite":49,"minecraft:torch":4,"minecraft:acacia_log":10,"minecraft:wooden_pickaxe":1,"minecraft:stripped_acacia_wood":1,"minecraft:porkchop":3,"minecraft:diorite":6,"minecraft:dirt":4,"mineguns:emergencypackage":1,"minecraft:acacia_planks":5,"minecraft:wheat_seeds":1,"minecraft:hay_block":68,"minecraft:granite":4,"minecraft:melon_seeds":1,"minecraft:coal":31,"minecraft:acacia_sapling":3,"minecraft:cobblestone":283},"minecraft:custom":{"minecraft:time_since_rest":819,"minecraft:interact_with_furnace":7,"minecraft:sprint_one_cm":32771,"minecraft:damage_taken":1226,"minecraft:walk_one_cm":59281,"minecraft:mob_kills":3,"minecraft:drop":45,"minecraft:damage_dealt":486,"minecraft:interact_with_crafting_table":8,"minecraft:fly_one_cm":58181,"minecraft:open_chest":3,"minecraft:crouch_one_cm":13080,"minecraft:play_time":39817,"minecraft:deaths":3,"minecraft:sneak_time":5849,"minecraft:jump":409,"minecraft:leave_game":1,"minecraft:time_since_death":0,"minecraft:total_world_time":39817,"minecraft:fall_one_cm":10084}},"DataVersion":3120}