{"stats":{"minecraft:mined":{"minecraft:birch_leaves":1},"minecraft:used":{"minecraft:creeper_spawn_egg":1,"minecraft:cave_spider_spawn_egg":1,"minecraft:zombie_spawn_egg":2},"minecraft:custom":{"minecraft:jump":18,"minecraft:time_since_rest":2055,"minecraft:damage_dealt":44,"minecraft:sprint_one_cm":3895,"minecraft:leave_game":2,"minecraft:play_time":2055,"minecraft:damage_taken":40,"minecraft:time_since_death":2055,"minecraft:walk_one_cm":2838,"minecraft:total_world_time":14529,"minecraft:fall_one_cm":1261,"minecraft:fly_one_cm":1819}},"DataVersion":3120}