{"stats":{"minecraft:picked_up":{"minecraft:end_stone":6,"minecraft:crafting_table":2,"spore:tumor":1,"betteranimalsplus:calamari_raw":2,"minecraft:salmon":4,"spore:armor_fragment":1,"minecraft:torch":31,"cgm:shotgun":1,"minecraft:oak_log":31,"minecraft:ink_sac":3,"minecraft:stone_sword":1,"minecraft:dirt":15,"minecraft:raw_copper":38,"betteranimalsplus:eel_meat_raw":19,"minecraft:stone_axe":1,"betteranimalsplus:eel_meat_cooked":18,"minecraft:stone_pickaxe":1,"minecraft:coal":89,"minecraft:cobblestone":141,"minecraft:furnace":1},"minecraft:broken":{"minecraft:stone_pickaxe":1},"minecraft:used":{"minecraft:creeper_spawn_egg":1,"minecraft:stone_sword":9,"betteranimalsplus:eel_meat_cooked":1,"betteranimalsplus:calamari_cooked":2,"cgm:shotgun":4,"minecraft:stone_pickaxe":180,"minecraft:chest":2,"minecraft:wooden_pickaxe":48,"minecraft:stone_axe":25,"minecraft:zombie_spawn_egg":2,"minecraft:oak_door":1,"minecraft:torch":21,"minecraft:dirt":12,"minecraft:cobblestone":50,"minecraft:crafting_table":3,"minecraft:furnace":3,"minecraft:cave_spider_spawn_egg":1,"minecraft:end_stone":2},"minecraft:mined":{"minecraft:furnace":1,"minecraft:birch_leaves":1,"minecraft:end_stone":6,"minecraft:crafting_table":2,"minecraft:torch":1,"minecraft:grass":4,"minecraft:oak_log":31,"minecraft:grass_block":4,"minecraft:coal_ore":89,"minecraft:dirt":11,"minecraft:copper_ore":11,"minecraft:cobblestone":11,"minecraft:stone":98,"minecraft:oak_leaves":9,"minecraft:wall_torch":9},"minecraft:custom":{"minecraft:time_since_rest":5489,"minecraft:interact_with_furnace":21,"minecraft:sprint_one_cm":66307,"minecraft:damage_taken":142,"minecraft:walk_one_cm":88668,"minecraft:mob_kills":13,"minecraft:damage_dealt":255,"minecraft:swim_one_cm":13582,"minecraft:interact_with_crafting_table":20,"minecraft:fly_one_cm":53733,"minecraft:open_chest":17,"minecraft:crouch_one_cm":3692,"minecraft:play_time":54209,"minecraft:deaths":1,"minecraft:sneak_time":2852,"minecraft:walk_under_water_one_cm":4718,"minecraft:jump":337,"minecraft:leave_game":5,"minecraft:time_since_death":5468,"minecraft:walk_on_water_one_cm":6351,"minecraft:total_world_time":66683,"minecraft:fall_one_cm":6246},"minecraft:crafted":{"minecraft:oak_door":3,"minecraft:oak_planks":48,"minecraft:crafting_table":1,"minecraft:stick":24,"minecraft:wooden_pickaxe":1,"minecraft:stone_pickaxe":2,"minecraft:stone_sword":1,"minecraft:chest":2,"betteranimalsplus:eel_meat_cooked":19,"minecraft:furnace":2,"betteranimalsplus:calamari_cooked":2,"minecraft:torch":32,"minecraft:stone_axe":1,"minecraft:air":0},"minecraft:killed":{"betteranimalsplus:eel_freshwater":1,"betteranimalsplus:lamprey":8,"minecraft:zombie":1,"minecraft:salmon":2,"spore:scamper":1}},"DataVersion":3120}