{"stats":{"minecraft:broken":{"minecraft:stone_pickaxe":1},"minecraft:used":{"minecraft:creeper_spawn_egg":1,"minecraft:stone_sword":9,"betteranimalsplus:eel_meat_cooked":1,"betteranimalsplus:calamari_cooked":2,"cgm:shotgun":4,"minecraft:stone_pickaxe":176,"minecraft:chest":2,"minecraft:wooden_pickaxe":48,"minecraft:zombie_spawn_egg":2,"minecraft:stone_axe":25,"minecraft:oak_door":1,"minecraft:torch":20,"minecraft:dirt":12,"minecraft:cobblestone":46,"minecraft:crafting_table":3,"minecraft:furnace":3,"minecraft:cave_spider_spawn_egg":1,"minecraft:end_stone":2},"minecraft:crafted":{"minecraft:oak_door":3,"minecraft:oak_planks":48,"minecraft:crafting_table":1,"betteranimalsplus:eel_meat_cooked":19,"minecraft:stick":24,"minecraft:wooden_pickaxe":1,"minecraft:stone_pickaxe":2,"minecraft:stone_sword":1,"minecraft:chest":2,"minecraft:furnace":2,"betteranimalsplus:calamari_cooked":2,"minecraft:torch":32,"minecraft:stone_axe":1,"minecraft:air":0},"minecraft:custom":{"minecraft:time_since_rest":48617,"minecraft:interact_with_furnace":18,"minecraft:sprint_one_cm":35605,"minecraft:damage_taken":142,"minecraft:walk_one_cm":82848,"minecraft:mob_kills":13,"minecraft:damage_dealt":255,"minecraft:swim_one_cm":13582,"minecraft:interact_with_crafting_table":19,"minecraft:fly_one_cm":45636,"minecraft:open_chest":13,"minecraft:crouch_one_cm":3684,"minecraft:play_time":48617,"minecraft:sneak_time":2849,"minecraft:walk_under_water_one_cm":4718,"minecraft:jump":295,"minecraft:leave_game":4,"minecraft:time_since_death":48617,"minecraft:walk_on_water_one_cm":6351,"minecraft:total_world_time":61091,"minecraft:fall_one_cm":6246},"minecraft:mined":{"minecraft:furnace":1,"minecraft:birch_leaves":1,"minecraft:end_stone":6,"minecraft:torch":1,"minecraft:crafting_table":2,"minecraft:grass":4,"minecraft:oak_log":31,"minecraft:grass_block":4,"minecraft:coal_ore":89,"minecraft:dirt":11,"minecraft:copper_ore":11,"minecraft:cobblestone":7,"minecraft:stone":98,"minecraft:oak_leaves":9,"minecraft:wall_torch":8},"minecraft:picked_up":{"betteranimalsplus:calamari_raw":2,"spore:tumor":1,"minecraft:crafting_table":2,"minecraft:end_stone":6,"minecraft:salmon":2,"spore:armor_fragment":1,"minecraft:torch":9,"minecraft:oak_log":31,"minecraft:ink_sac":3,"betteranimalsplus:eel_meat_raw":19,"minecraft:dirt":15,"minecraft:raw_copper":38,"minecraft:coal":89,"minecraft:cobblestone":105,"minecraft:furnace":1},"minecraft:killed":{"betteranimalsplus:eel_freshwater":1,"betteranimalsplus:lamprey":8,"minecraft:zombie":1,"minecraft:salmon":2,"spore:scamper":1}},"DataVersion":3120}