{"stats":{"minecraft:used":{"marbledsarsenal:police_baton":2},"minecraft:custom":{"minecraft:jump":31,"minecraft:time_since_rest":1063,"minecraft:damage_dealt":52,"minecraft:crouch_one_cm":43,"minecraft:leave_game":1,"minecraft:sprint_one_cm":4465,"minecraft:play_time":1063,"minecraft:damage_taken":44,"minecraft:time_since_death":1063,"minecraft:walk_one_cm":6326,"minecraft:sneak_time":10,"minecraft:total_world_time":1540,"minecraft:mob_kills":3,"minecraft:fall_one_cm":836,"minecraft:fly_one_cm":6233},"minecraft:killed":{"minecraft:zombie":3},"minecraft:picked_up":{"pointblank:gunmetal_nugget":4,"minecraft:rotten_flesh":2,"minecraft:ender_pearl":1}},"DataVersion":3465}