{"stats":{"minecraft:killed_by":{"minecraft:skeleton":1,"corpse_stalker:corpse_stalker":1,"mokey:mokey":1},"minecraft:broken":{"minecraft:stone_pickaxe":1},"minecraft:dropped":{"minecraft:torch":1,"minecraft:andesite":6,"minecraft:stone_pickaxe":1,"minecraft:wooden_pickaxe":1,"minecraft:acacia_planks":5},"minecraft:killed":{"minecraft:pig":3},"minecraft:used":{"minecraft:diorite":1,"minecraft:stone_sword":4,"mineguns:mre":1,"minecraft:stone_pickaxe":262,"minecraft:oak_planks":5,"minecraft:wooden_pickaxe":30,"minecraft:stone_hoe":12,"minecraft:orange_bed":2,"minecraft:torch":18,"minecraft:dirt":21,"minecraft:crafting_table":3,"minecraft:melon_slice":3,"minecraft:gravel":1,"minecraft:stone_axe":12,"minecraft:cobblestone":40,"mineguns:modernaxe":20},"minecraft:crafted":{"minecraft:oak_planks":28,"minecraft:crafting_table":2,"minecraft:wooden_pickaxe":1,"minecraft:stone_axe":1,"minecraft:stick":20,"minecraft:stone_pickaxe":2,"minecraft:stone_sword":1,"minecraft:acacia_planks":20,"minecraft:torch":36,"minecraft:stone_hoe":1},"minecraft:mined":{"minecraft:crafting_table":3,"minecraft:torch":4,"gravestone:gravestone":4,"minecraft:granite":1,"minecraft:grass_block":3,"minecraft:melon":8,"minecraft:tall_grass":1,"minecraft:cobblestone":14,"minecraft:oak_planks":5,"minecraft:diorite":4,"minecraft:wall_torch":3,"minecraft:hay_block":18,"minecraft:iron_ore":1,"minecraft:acacia_wood":5,"minecraft:grass":15,"minecraft:oak_log":7,"minecraft:coal_ore":40,"minecraft:dirt":30,"minecraft:gravel":8,"minecraft:stone":205,"minecraft:orange_bed":2},"minecraft:picked_up":{"minecraft:crafting_table":2,"minecraft:andesite":6,"minecraft:acacia_wood":5,"minecraft:flint":1,"minecraft:oak_log":7,"minecraft:dirt":34,"mineguns:emergencypackage":1,"minecraft:wheat_seeds":3,"minecraft:stone_pickaxe":1,"minecraft:melon_slice":32,"minecraft:oak_planks":5,"minecraft:egg":1,"minecraft:raw_iron":1,"minecraft:torch":7,"minecraft:gravel":8,"minecraft:porkchop":5,"minecraft:diorite":4,"minecraft:orange_bed":2,"minecraft:hay_block":26,"minecraft:coal":40,"minecraft:cobblestone":242},"minecraft:custom":{"minecraft:mob_kills":3,"minecraft:interact_with_crafting_table":7,"minecraft:leave_game":2,"minecraft:time_since_death":10438,"minecraft:time_since_rest":10469,"minecraft:sprint_one_cm":51518,"minecraft:damage_taken":1685,"minecraft:walk_one_cm":86452,"minecraft:drop":9,"minecraft:damage_dealt":554,"minecraft:fly_one_cm":77042,"minecraft:player_kills":1,"minecraft:open_chest":2,"minecraft:crouch_one_cm":6914,"minecraft:play_time":40552,"minecraft:deaths":5,"minecraft:sneak_time":3952,"minecraft:walk_under_water_one_cm":6518,"minecraft:jump":425,"minecraft:walk_on_water_one_cm":1087,"minecraft:total_world_time":40552,"minecraft:fall_one_cm":20156}},"DataVersion":3120}