{
  "betteranimalsplus:bad_fox": {
    "criteria": {
      "no_bam": "2024-06-25 21:37:28 -0600"
    },
    "done": false
  },
  "immersivecaves:immersive_caves": {
    "criteria": {
      "immersive_caves": "2024-06-25 21:37:28 -0600"
    },
    "done": true
  },
  "betteranimalsplus:root": {
    "criteria": {
      "tick": "2024-06-25 21:37:28 -0600"
    },
    "done": true
  },
  "cold_sweat:root": {
    "criteria": {
      "requirement": "2024-06-25 21:37:28 -0600"
    },
    "done": true
  },
  "mowziesmobs:root": {
    "criteria": {
      "custom_test_name": "2024-06-25 21:37:28 -0600"
    },
    "done": true
  },
  "minecraft:adventure/adventuring_time": {
    "criteria": {
      "minecraft:forest": "2024-06-25 21:50:52 -0600"
    },
    "done": false
  },
  "DataVersion": 3120
}